instance,energy,resources,congestion,time,num_nodes
1,244.75,86.0,0.49166666666666664,1.411970257,1
2,518.9166666666667,262.0,0.625,7.825460425,9
