instance,energy,resources,congestion,time,num_nodes
1,227.5,56.0,0.25,5.814395233,1
2,483.1818181818182,133.0,0.39166666666666666,0.558007449,1
